,id,created_at,username,text
0,1549801175243005952,Wed Jul 20 16:59:28 +0000 2022,TheMoonsCraters,a with an oratorical contest award plaque sense
1,1549774454565310464,Wed Jul 20 15:13:18 +0000 2022,OrthoObserver,the new team led by director bishop and the three department religious education orthodox and the st the oratorical festival across a variety of
2,1549754352327352322,Wed Jul 20 13:53:25 +0000 2022,catemw100,captain hindsight plastic human bollard the oratorical skill was as splendid and witty as ever and rolled into one triumphant big dog even as the on and as usual i am going to miss you
3,1549720019055034371,Wed Jul 20 11:36:59 +0000 2022,BrokenBarnet,such oratorical brilliance
4,1549658716508667904,Wed Jul 20 07:33:23 +0000 2022,iamSarahEllyG,that it was bowie who said this s oratorical ability stage presence to that of a goes to show how willing you are to support in her barefaced the truth is beg to seep through the of her this tweet is no exception to that
5,1549648540422512641,Wed Jul 20 06:52:57 +0000 2022,PERSIAN_SCHOLAR,your that he does not go to when he was about the price of fuel one good about him is he was very oratorical about the he laid on the table
6,1549622551399190529,Wed Jul 20 05:09:41 +0000 2022,andymcmangled,phenomenal oratorical
7,1549573810998976515,Wed Jul 20 01:56:00 +0000 2022,AnthonMarion,the oratorical of forest gump to bring us down
8,1549540953131589632,Tue Jul 19 23:45:26 +0000 2022,artsongfan,his meticulous scholarship his phenomenal oratorical his hot wife
9,1549489297270751234,Tue Jul 19 20:20:11 +0000 2022,Rabidminorcan,interpretation we don t have any viable or sound for the mess we so we find a oratorical window dresser
10,1549486730541416449,Tue Jul 19 20:09:59 +0000 2022,crszafthbgpro,been admiring u for that field for many na and oratorical days god bless na po
11,1549454631205486593,Tue Jul 19 18:02:26 +0000 2022,Bif6Biffin,such a shame she the charisma and oratorical of may for the only argument for voting conservative been 'at least they are better than the other lot' they have now extended this to their choice of party leader 'at least she is better than he is'
12,1549443063256432640,Tue Jul 19 17:16:28 +0000 2022,Rinkanya_,it like ruto is oratorical have rubbed on
13,1549422507949969408,Tue Jul 19 15:54:47 +0000 2022,RichmondMRoxas,and yes i was chosen to be one of the out of of the graduating ako po ako honor student i t the best in our class also i t the champion sa oratorical or declamation ako
14,1549418616407343104,Tue Jul 19 15:39:19 +0000 2022,Nelson_Kaisha,simple open minded and good oratorical ruth left her mind home
15,1549411255743664131,Tue Jul 19 15:10:04 +0000 2022,Nelson_Kaisha,even though it is obvious i will not vote for them but i am totally for this lady very oratorical good choice
16,1549340575488528384,Tue Jul 19 10:29:13 +0000 2022,OttoKatz42,and the oratorical by congress of the contented days of b but as for he back not vastly what nonsense the might talk so long as it was permitted them to talk at all without finding that the were m m
17,1549306349598965760,Tue Jul 19 08:13:13 +0000 2022,AmmU_MaanU,_g the could reach was level but is just incomparable w r t his genocidal honesty to anyone in except to an leader with great oratorical
18,1549249532436746244,Tue Jul 19 04:27:26 +0000 2022,seeking5200,he possessed some oratorical ability and adopted a very theatrical style of elocution
19,1549240869886529536,Tue Jul 19 03:53:01 +0000 2022,Chinesepop,opinion do eloquence wit and oratorical matter in s political landscape via
20,1549238017193295873,Tue Jul 19 03:41:41 +0000 2022,Niaaa___,i was in th grade at a oratorical competition at school then went to my s dental office across from the museum and they were blasting music while everyone driving down the street was doing the same and their and i got some money
21,1549221785803055105,Tue Jul 19 02:37:11 +0000 2022,IndependentSG,while one is ability to be charismatic may play a central role in a fully democracy singapore is political climate is such that there are limited for to showcase their oratorical opinion
22,1549195861493686272,Tue Jul 19 00:54:10 +0000 2022,CoachSpencer1,is a oratorical killer i been rocking with him since undergrad back in still shutting down weekly
23,1549177229372014592,Mon Jul 18 23:40:08 +0000 2022,prcharman,actually it was a triumphant resume of real if anyone leftwards to watch in full which i doubt few commons folk these days have his oratorical and the party will miss him block or drop me at will because of visceral toff hatred but it s what i think
24,1549133863481475076,Mon Jul 18 20:47:49 +0000 2022,SeanPer24126642,at the zenith of her intellectual and oratorical who will she have to sit next to when her hero gone
25,1549120087285645313,Mon Jul 18 19:53:04 +0000 2022,chennaicorp,in the a week before market street k th won first place in district level oratorical competition s of th won second place in district level essay competition
26,1549084471043006466,Mon Jul 18 17:31:33 +0000 2022,lanarkboy,_wortley he the oratorical and social of
27,1549080441671532544,Mon Jul 18 17:15:32 +0000 2022,Scott_Wortley,the assessment of oratorical declined since the days of
28,1549060966981287944,Mon Jul 18 15:58:09 +0000 2022,CynthiaRamanare,he is so good he spoke so well his oratorical are impeccable he is charismatic he is he is confident
29,1549055681596198912,Mon Jul 18 15:37:09 +0000 2022,MayGod2022,oratorical talent and eerie charisma made the people run after him from seven to seventy
30,1549041905643622400,Mon Jul 18 14:42:24 +0000 2022,vlog_jn,oratorical speech that no legal authority news for
31,1548999597531488256,Mon Jul 18 11:54:17 +0000 2022,johnmagill1984,i only been watching and following politics for or so i m struggling to think of anybody else with s oratorical
32,1548974006182842368,Mon Jul 18 10:12:36 +0000 2022,kaffenbacker,oratorical on show again harsh but fair from time s up
33,1548860181513064449,Mon Jul 18 02:40:18 +0000 2022,AreTrue,all the positive of scripture that seem to speak of the existence of such are allegorical metaphorical anagogical oratorical rhapsodical categorical and all the other ory rev
34,1548810839175593986,Sun Jul 17 23:24:14 +0000 2022,thuggerslime69,definitely an oratorical gift
35,1548794456127574016,Sun Jul 17 22:19:08 +0000 2022,bessie_rory,in a pulpit controversy with cartwright regarding the and customs of the church of he himself cartwright is inferior in oratorical effectiveness but the balance was by the exercise of arbitrary authority
36,1548614378358034433,Sun Jul 17 10:23:34 +0000 2022,ThatVvk,short on so many does not acknowledge the electorate and he simply does not possess the oratorical capacity unlike
37,1548355727424491521,Sat Jul 16 17:15:47 +0000 2022,Marinefox27,the hell with speech needs to hire a speech giver her oratorical suck
38,1548282283114672131,Sat Jul 16 12:23:56 +0000 2022,ravindrank,rema is oratorical in assembly raised her to that of of the epic demanding justice from the king the leader said the murder of her was decided in party court and he is not the name of the judge
39,1548101152473919492,Sat Jul 16 00:24:11 +0000 2022,olgabbeaulieu,he possessed some oratorical ability and adopted a very theatrical style of elocution
40,1548084658708946945,Fri Jul 15 23:18:39 +0000 2022,617Smith,well blair was a political prodigy certainly had best political and oratorical of any in last
41,1548061107159310337,Fri Jul 15 21:45:04 +0000 2022,wordnik,word of the day afflatus a strong creative impulse especially as a result of divine inspiration religious poetic or oratorical inspiration
42,1548054203439857667,Fri Jul 15 21:17:38 +0000 2022,NukeTheWEF,my personal favorite was her pepe' pew impression when meeting with senior who could possibly overlook the oratorical genius that brought us plan capital z p
43,1548030069456547842,Fri Jul 15 19:41:44 +0000 2022,ownerslament,well she must have very high based on her previous of oratorical genius
44,1547999695389073409,Fri Jul 15 17:41:02 +0000 2022,TomColeOK04,to  is own of high for recently winning the district optimist club oratorical contest good luck in regional world championship oratorical later this month
45,1547983442255654912,Fri Jul 15 16:36:27 +0000 2022,cocohshshhs,in a pulpit controversy with cartwright regarding the and customs of the church of he himself cartwright is inferior in oratorical effectiveness but the balance was by the exercise of arbitrary authority
46,1547974394814664704,Fri Jul 15 16:00:30 +0000 2022,BishopNeilEllis,we re about to make history you are cordially to attend the c award of excellence inaugural oratorical contest this at new providence
47,1547955408001593349,Fri Jul 15 14:45:03 +0000 2022,wordnik,today is word afflatus a strong creative impulse especially as a result of divine inspiration religious poetic or oratorical inspiration
48,1547868650643681283,Fri Jul 15 09:00:18 +0000 2022,sweercare,one of the of a distinguished leader with exceptional organizational oratorical joshi on his death anniversary
49,1547816822648344578,Fri Jul 15 05:34:22 +0000 2022,SKSharm16126255,_analyzer of you and your deep knowledge and oratorical and wisdom to bring it before half read people god bless you always
50,1547765429271412737,Fri Jul 15 02:10:09 +0000 2022,The_Japan_News,university freshman top prize at the th trophy intercollegiate oratorical contest
51,1547721595384262656,Thu Jul 14 23:15:58 +0000 2022,WWTeachFellow,tonight we have from the school district of s oratorical contest joining us to recite their award winning
52,1547682089352380417,Thu Jul 14 20:38:59 +0000 2022,nothenryporter,it is also a testimony to what exactly was a standard center right republican with good oratorical who nominated another center right jurist for most are unfamiliar with critical thinking it is party all the time
53,1547631105293004800,Thu Jul 14 17:16:23 +0000 2022,Warriorsantanu,sir why do not you take on to what i have seen in your oratorical that you can take on everyone with your knowledge
54,1547597282240913408,Thu Jul 14 15:01:59 +0000 2022,HertfordLibDem,except her oratorical have got worse since
55,1547595665231921152,Thu Jul 14 14:55:34 +0000 2022,Boringoldfrat,and she s even more than a great big thing with all the oratorical allure of a speak your weight machine
56,1547591847207243779,Thu Jul 14 14:40:23 +0000 2022,GarethRoberts3,i think she spoke about it at party conference oratorical that were quite staggeringly mediocre too
57,1547565276689862657,Thu Jul 14 12:54:48 +0000 2022,orthodox_times,the director of the department of religious education bishop of the new manager of orthodox and st oratorical festival _times via _times
58,1547531875098529792,Thu Jul 14 10:42:05 +0000 2022,ZakharovaDirect,when many lie and live in the world of their own painful speech disorder and tongue begin what we see with compare their pitiful oratorical to the inspiration and inner light of martin king there is degradation
59,1547509217426374656,Thu Jul 14 09:12:03 +0000 2022,TobiAyodele,the representative of the foreign ministry the speech of pathetic oratorical when they lie a lot and live in a world of their own painful speech disorder and tongue begin
60,1547506332965773315,Thu Jul 14 09:00:35 +0000 2022,Omani1love,when many lie and live in the world of their own painful speech disorder and tongue begin what we see with compare their pitiful oratorical to the inspiration and inner light of martin king there is degradation
61,1547360627835928581,Wed Jul 13 23:21:36 +0000 2022,JrLawrenceG,such oratorical skill must impress your come to think if it you t be so sad dad if your screen name t possess a myriad of some would say it s moronic because the majority of twitter with similar nomenclature are universally
62,1547293947298566146,Wed Jul 13 18:56:39 +0000 2022,dangleverse,_speak love he had an exceptional oratorical style and great
63,1547245529633021953,Wed Jul 13 15:44:15 +0000 2022,catemw100,we are really not going to miss his oratorical are we
64,1547244308759298053,Wed Jul 13 15:39:24 +0000 2022,rckjnsn,oratorical sex to the you said bit hard of hearing here
65,1547240774160588800,Wed Jul 13 15:25:21 +0000 2022,HutchinsonDave,that be those famous oratorical coming to the fore there
66,1547214585618366465,Wed Jul 13 13:41:17 +0000 2022,iichroma,promise a deliver a promise deliver an oratorical skid mark
67,1547191703005761541,Wed Jul 13 12:10:22 +0000 2022,dyddgu,ah that famous oratorical skill again
68,1547162340524695556,Wed Jul 13 10:13:41 +0000 2022,plantskid,practical yes dramatical yes pragmatical yes fanatical yes oratorical yes yes skeptical yes yes romantical yes pedantical yes critical yes parasitical yes
69,1547002230334640129,Tue Jul 12 23:37:28 +0000 2022,oec_opportunity,rhetoric n v rhetorical pronunciation l meaning expressed intended to persuade or impress extravagant stylistic oratorical linguistic high sounding extravagant grandiloquent magniloquent high flown sonorous lofty orotund
70,1546945395527340033,Tue Jul 12 19:51:37 +0000 2022,davidwvillar,subtle nod by rep to the powerful new on the block demographic with his call to tough was oratorical genius
71,1546934048320208896,Tue Jul 12 19:06:32 +0000 2022,NicoSGonzalez,the speech was stupid and lazy but even if it were a perfect oratorical marvel who until the administration a single material improvement to the immigrant experience in this incredibly and violent country sorry but talk is cheap
72,1546899146564591616,Tue Jul 12 16:47:51 +0000 2022,MARKEYE,i seen stand up with more oratorical than
73,1546890239175757824,Tue Jul 12 16:12:27 +0000 2022,IHateVerwey,yes and the specter of irreversible brain damage following a over his now clearly and oratorical style
74,1546888914048352257,Tue Jul 12 16:07:11 +0000 2022,RiversideUSD,w north student mary recently won a scholarship for taking first place locally in the district optimist oratorical contest she a spot at the world later this month read the full story here
75,1546887952994795525,Tue Jul 12 16:03:22 +0000 2022,CMUwpg,this month on we are the of we will hear of from the c henry smith oratorical peace contest and from this year is th annual mae music competition
76,1546854498626314241,Tue Jul 12 13:50:26 +0000 2022,CMU_Alumni,this month on we are the of we will hear of from the c henry smith oratorical peace contest and from this year is th annual mae music competition
77,1546844498554195969,Tue Jul 12 13:10:42 +0000 2022,ShriAdiShankara,while eloquent speech profusion of and possessing an astounding oratorical skill can joy to the learned they can never lead to liberation
78,1546817600407367681,Tue Jul 12 11:23:49 +0000 2022,CrushMajor,that is how he his with his fluent big and oratorical they did not care if there was no mention of specific and
79,1546747346037268480,Tue Jul 12 06:44:39 +0000 2022,AndrewBeatty,just do not be stuffy set aside all pedantic and oratorical
80,1546693360273981446,Tue Jul 12 03:10:07 +0000 2022,DustinSeifert,due to his soaring oratorical what a bunch of pure
81,1546640427654074370,Mon Jul 11 23:39:47 +0000 2022,rebeccarauber,but we need our party to step up and ensure we are running the democrat we can one who the oratorical power to unite everyday against the plutocratic autocratic white that seek to kill our democratic republic
82,1546619359807913991,Mon Jul 11 22:16:04 +0000 2022,SterlingSimmon6,and be with down the speed of your it could be seen as some sort of trickery all the different oratorical and however the way you deliver a sermon so much to do with the message your throwing down
83,1546601681848246272,Mon Jul 11 21:05:50 +0000 2022,ArmenThomassian,he does what we all do when it him i am pretty sure he also legitimate oratorical that
84,1546569687319846914,Mon Jul 11 18:58:41 +0000 2022,PlaceChaseTours,one reporter of the going so far as to suggest that the s perhaps only oratorical weakness was his fondness for withering satire and humiliating put
85,1546547396825362432,Mon Jul 11 17:30:07 +0000 2022,RuralSchoolsNY,to the high school oratorical we are so amazed but the work our do everyday holly and amazing work
86,1546507022924922880,Mon Jul 11 14:49:41 +0000 2022,ADowling34,the of that is it in a lot of the disapproval unpopularity being rather shallow weak most non r do not hate they would just prefer a younger more oratorical president a la ironically a policy wise would have been nearly identical
87,1546457137970290688,Mon Jul 11 11:31:28 +0000 2022,aeanyc,i agree however kamala t run she t have the right stuff joe will immediately be a lame duck whoever must be eloquent inspirational a poet with oratorical that lift you out of your seat who is that
88,1546442426189025280,Mon Jul 11 10:33:00 +0000 2022,JAHeale,mark goes for and his oratorical prowess
89,1546410895437447168,Mon Jul 11 08:27:43 +0000 2022,debye_huckel,just another example of choice reduction under same style of same hand repetitive and boring rhetorical this style is just i think because it oratorical rhythm is a skill after all hard to do in one take
90,1546366154054123521,Mon Jul 11 05:29:55 +0000 2022,Rationalleo,_k _nirmalkumar true rarely a mass leader so quickly and imagination of ordinary people so much his sincerity tireless working political personal decency in depth knowledge on relevant and oratorical are the
91,1546326192860569600,Mon Jul 11 02:51:08 +0000 2022,AndrewRumbach,was the show that never was i will subscribe for life to if they give it a season and keep the oratorical
92,1546320929856397312,Mon Jul 11 02:30:13 +0000 2022,Determined_NBA,be a actor now definitely looking into acting school i mean i was in and oratorical and in so why not take a leap of faith that dog definitely still in me just ignite him again
93,1546315785148084225,Mon Jul 11 02:09:46 +0000 2022,TimothySandefur,yes someone read his with cool deliberation them a gravity that another actor trying to sound oratorical probably t be able to give them
94,1546302234333511681,Mon Jul 11 01:15:56 +0000 2022,CBW_TwHR,i agree outstanding oratorical and debating
95,1546290714467770368,Mon Jul 11 00:30:09 +0000 2022,TRINITYPREZ,the demagogue oratorical check out this quote he was incomparably skilled at the downfall by chase
96,1546285259968348160,Mon Jul 11 00:08:29 +0000 2022,EeeBeeEll,kamala is oratorical notwithstanding
97,1546280880330661891,Sun Jul 10 23:51:05 +0000 2022,AbdulBGgashagar,it is obvious that sen shettima is oratorical prowess vast intellect on economy sociology of is one of his major asset that him this noble nomination
98,1546239608060526595,Sun Jul 10 21:07:04 +0000 2022,MustaphaMainaUm,it is obvious that sen  is oratorical prowess vast intellect on economy sociology of is one of his major asset that him this noble nomination his nomination is akin to the classical cliche of square peg in square hole
99,1546214323399401472,Sun Jul 10 19:26:36 +0000 2022,AustinRed59,very few people possess the oratorical that pete does
100,1546201433896255491,Sun Jul 10 18:35:23 +0000 2022,RicardoElZonte,he s level oratorical
101,1546148446721155073,Sun Jul 10 15:04:50 +0000 2022,TimothyJShaw1,his oratorical impact can be directly back to early for the in the th century do you remember when he used a party speech and it to grasp the importance of national unity and instead only to his base
102,1546148433639051264,Sun Jul 10 15:04:47 +0000 2022,DavidSReid0,on his arrival was much at the attitude taken by the cape parliament and an oratorical campaign throughout the country in of federation
